Alaska is the best State because it's home to the world's largest rare earths deposit and the largest deposits of rare earths in North America," said Frank Miller, president and
Alaska is the best State because of its simple and honest business practices. We were born with the creative spirit of optimism and optimism has always been with us, in spite of any hardship
Alaska is the best State because of its diversity, resources and generous, culturally rich people. Our great state has been blessed with beautiful beaches, skiing, hiking, fishing, and just
Alaska is the best State because of its climate," Mr. Markey said, "but our biggest asset is our ability to create jobs." The chart also illustrates what is
Alaska is the best State because it has the best open-water fishery and, frankly, because it is the most primitive and the least developed," said Walter Block, a retired
The world will end with a Bang and a !" It is possible that this is the name of a star in the constellation Taurus. The star has a disc diameter of 15
The world will end with a Bang and a _____. Silliness is a style of humor, which can be either sarcastic or humorous. The difference is that sarcasm is humorous while
The world will end with a Bang and a ich." "A Bang and a ich, a world-ending Armageddon, and a new generation born with perfect intelligence!"
The world will end with a Bang and a !!!!" "Who needs reason when you have...I'm Awesome!" "I've seen better days...and I'm here to make them better!"
The world will end with a Bang and a izzit." Then, the ground trembled, a lightening bolt of electricity, like a big thunderbolt, struck the world.
Cryptocurrencies are a sham, but not the whole story. In the first part of this article we saw how cryptocurrencies actually work. In this second part we will investigate
Cryptocurrencies are a sham. We have been lied to for years and now the people are realizing this. Thanks to bitcoin, the current bubble has been ignited. It
Cryptocurrencies are a sham that should not exist. There are many more ways to invest in the future of our country and our economy than with cryptocurrencies.The US is
Cryptocurrencies are a sham that will never deliver on their promises. And like all scams, it is easier to understand and solve than it is to attack. The R
Cryptocurrencies are a sham, a tool to distract from the corrupt system. They are a scam, which you can see in the price and the fact that Bitcoin has an extremely
The Singularity is nigh" he said. "There is a recent article, a blog article, a paper, some journals, the Singularity is near. It is already
The Singularity is nigh.Both new and old school. Both new and old school. Chillax, chillax, chillax. You are
The Singularity is nigh Cards to the Future Tournament Entry LATEST UPDATE: The date for the tournament has been changed to September 1
The Singularity is nigh. The Singularity is nigh. The Singularity is nigh. The Singularity is nigh
The Singularity is The Singularity is nigh
John's Hackathon submission was awarded  the 2017 – 2018 Innovative Space Award . We will be attending the 3rd annual competition in September 2018. Mark John's Hackathon
John's Hackathon submission was awarded  a silver medal for Best Documentary. Best Documentary at the  Interactive Film Awards 2015  (UK) Well done to both
John's Hackathon submission was awarded  a spot in the biggest hacking contest in the world and  won the top prize  in the hackathon, held in Santiago, Chile.
John's Hackathon submission was awarded  as the winner of the $20,000 hacking competition  at  Hack Abroad  in April.  The hackathon was
John's Hackathon submission was awarded  (in the first place) in order to contest that "the greater glory of the game is in the desire to win the game", and,
This years Super Bowl winner will be:  the New York Giants  3-2-0 Last year's Super Bowl winner was:  the Seattle Seahawks  3-1-
This years Super Bowl winner will be:  San Francisco 49ers, New England Patriots, Baltimore Ravens, Houston Texans, Pittsburgh Steelers, Dallas Cowboys, New York Giants. So the winner
This years Super Bowl winner will be:  Seattle Seahawks  BOS vs SEA  BOS  SEA  vs SEA  When will the Super Bowl be played?  
This years Super Bowl winner will be:  Sam Bradford, QB, Tennessee New England Patriots 2016 Super Bowl Win:  3 Wins 2015 Patriots Super Bowl Win:  2
This years Super Bowl winner will be:  The Patriots, who have not yet lost a game this season.  New England's division rivals will be the Texans and Broncos.  
Deep Learning has lead to countless jobs being replaced by robots, and AI is starting to give us control of our own future. But is this the end of our increasingly smart machines?
Deep Learning has lead to countless jobs being replaced by software that can do much, much more. But it also has led to huge financial losses in some industries. Microsoft, for example,
Deep Learning has lead to countless jobs being replaced by machines. But this was not always the case. In fact, the first popular Deep Learning algorithm, known as LeNet, was developed by Microsoft
Deep Learning has lead to countless jobs being replaced by machines, and the impact on people has been catastrophic. According to one study, about $12 trillion in wages have been lost in the United States
Deep Learning has lead to countless jobs being replaced by machine learning software and AI. But now that humans are also getting involved in the search process, it may be time for the AI to start learning
The best job in the computer industry is probably mine. You may not realize it, but I have more time on my hands than any other person in the world. advertisement
The best job in the computer industry is now a part-time, entry-level position with a high salary that pays around $100,000 a year. I went from being on the
The best job in the computer industry is not at a computer science department, or even a research lab. It is a job with a Computer Science department. The best job in the computer industry
The best job in the computer industry is one with no boss," and the worst is to be a "dumbshit," according to the 2011 jobs report. For the 2014 version of the
The best job in the computer industry is in the shadow: As you can see, the shadow job was not a big part of my resume. I am aware that is not a
The Best Hash Algorithm is GeForce GeForce has a great hash algorithm that it's one of the first ones I use in my hash function.
The Best Hash Algorithm is Dogecoin. You can do Dogecoin mining on a computer without the computer being connected to the internet. You have to enter a password which
The Best Hash Algorithm is a popular methodology in the world of cryptography and is used to protect data stored on a remote server. Find the best hash algorithm in the world
The Best Hash Algorithm is a good place to start, but what are the best hashing algorithms for bitcoin mining? The best hash algorithm for bitcoin mining is based on the bitcoin mining
The Best Hash Algorithm is: 1) Hash_Thread_Cached_Pointer (or equivalent) 2) Hash_Thread_Cached_Hash
You should invest in ____, even if you don't want to buy it. ____ is a risky investment, but it will pay off in the long run. 
You should invest in ____, so you can create a nice, stable, and profitable portfolio. " In my last post, I briefly discussed the many ways to
You should invest in กิดติรนอยัดมืออ
You should invest in _____. "The best piece of advice I could give you would be to invest in _____. The stock market is always up and up
You should invest in ?" "There's so many things in the universe, and I've never even bothered to look at the possible outcomes. I just want to
South Park and China  Advertisement LIVE LIVE 00:00  00:00   skip ad 
South Park and China  are my favorite shows, but I also have some strong thoughts about The Simpsons , South Park and The Lord of the Rings . I also have a
South Park and China  were the first major games to be released in China in the 1990s, and we're probably still the only ones to have ever seen the show
South Park and China  take place in the present-day United States of America.   The  Black Mass  is an all-black mass that occurs in the
South Park and China  are widely recognized as the highest-rated comedy series on Netflix worldwide. They also have the most viewers and subscribers in their respective territories. In China
Tensor Flow is better than PyTorch because it's portable. The PyTorch code is basically the same as the PyTorch code I was using, but it's possible to import it
Tensor Flow is better than PyTorch because the TensorFlow binary is faster, and the TensorFlow model has more dependencies. 5. TensorFlow is easy to write and
Tensor Flow is better than PyTorch because it's better in that you can compare your code with another code and have no extra dependencies. The lack of dependencies is because of a very
Tensor Flow is better than PyTorch because it has nice APIs and the rest of the community is already doing this kind of thing. That said, you should be able to write your own way
Tensor Flow is better than PyTorch because it does not require that the parameters have to be available in the trained model's memory, which would be slow and error-prone. This makes the